{
	"credit": "Made with Blockbench",
	"textures": {
		"1": "block/sand",
		"2": "block/cut_red_sandstone",
		"4": "block/sea_lantern",
		"particle": "block/packed_ice"
	},
	"elements": [
		{
			"from": [7.75, 2.75, 7.75],
			"to": [8.75, 5.25, 8.75],
			"rotation": {"angle": -22.5, "axis": "z", "origin": [8.75, 4.75, 7.75]},
			"faces": {
				"north": {"uv": [0, 0, 16, 16], "texture": "#1"},
				"east": {"uv": [0, 0, 16, 16], "texture": "#1"},
				"south": {"uv": [0, 0, 16, 16], "texture": "#1"},
				"west": {"uv": [0, 0, 16, 16], "texture": "#1"},
				"up": {"uv": [0, 0, 16, 16], "texture": "#1"},
				"down": {"uv": [0, 0, 16, 16], "texture": "#1"}
			}
		},
		{
			"from": [7.75, 0.75, 7.75],
			"to": [8.75, 3.25, 8.75],
			"rotation": {"angle": 22.5, "axis": "z", "origin": [8.75, 1.25, 8.75]},
			"faces": {
				"north": {"uv": [0, 0, 16, 16], "rotation": 180, "texture": "#4"},
				"east": {"uv": [0, 0, 16, 16], "rotation": 180, "texture": "#4"},
				"south": {"uv": [0, 0, 16, 16], "rotation": 180, "texture": "#4"},
				"west": {"uv": [0, 0, 16, 16], "rotation": 180, "texture": "#4"},
				"up": {"uv": [0, 0, 16, 16], "rotation": 180, "texture": "#4"},
				"down": {"uv": [0, 0, 16, 16], "rotation": 180, "texture": "#4"}
			}
		},
		{
			"from": [6.48307, -0.15119, 7.75],
			"to": [7.48307, 2.34881, 8.75],
			"rotation": {"angle": -22.5, "axis": "z", "origin": [8.75, 1.25, 8.75]},
			"faces": {
				"north": {"uv": [0, 0, 16, 16], "rotation": 180, "texture": "#4"},
				"east": {"uv": [0, 0, 16, 16], "rotation": 180, "texture": "#4"},
				"south": {"uv": [0, 0, 16, 16], "rotation": 180, "texture": "#4"},
				"west": {"uv": [0, 0, 16, 16], "rotation": 180, "texture": "#4"},
				"up": {"uv": [0, 0, 16, 16], "rotation": 180, "texture": "#4"},
				"down": {"uv": [0, 0, 16, 16], "rotation": 180, "texture": "#4"}
			}
		},
		{
			"from": [7, 3, 7.75],
			"to": [8, 5.75, 8.75],
			"rotation": {"angle": 22.5, "axis": "z", "origin": [8, 3, 7.75]},
			"faces": {
				"north": {"uv": [0, 0, 16, 16], "texture": "#1"},
				"east": {"uv": [0, 0, 16, 16], "texture": "#1"},
				"south": {"uv": [0, 0, 16, 16], "texture": "#1"},
				"west": {"uv": [0, 0, 16, 16], "texture": "#1"},
				"up": {"uv": [0, 0, 16, 16], "texture": "#1"},
				"down": {"uv": [0, 0, 16, 16], "texture": "#1"}
			}
		},
		{
			"from": [7, 0.08202, 7.15276],
			"to": [8, 2.58202, 8.15276],
			"rotation": {"angle": 22.5, "axis": "x", "origin": [8.75, 1.1, 8.75]},
			"faces": {
				"north": {"uv": [0, 0, 16, 16], "rotation": 180, "texture": "#4"},
				"east": {"uv": [0, 0, 16, 16], "rotation": 180, "texture": "#4"},
				"south": {"uv": [0, 0, 16, 16], "rotation": 180, "texture": "#4"},
				"west": {"uv": [0, 0, 16, 16], "rotation": 180, "texture": "#4"},
				"up": {"uv": [0, 0, 16, 16], "rotation": 180, "texture": "#4"},
				"down": {"uv": [0, 0, 16, 16], "rotation": 180, "texture": "#4"}
			}
		},
		{
			"from": [7, 3, 8.5],
			"to": [8, 5.5, 9.5],
			"rotation": {"angle": 22.5, "axis": "x", "origin": [7, 5, 8.5]},
			"faces": {
				"north": {"uv": [0, 0, 16, 16], "texture": "#1"},
				"east": {"uv": [0, 0, 16, 16], "texture": "#1"},
				"south": {"uv": [0, 0, 16, 16], "texture": "#1"},
				"west": {"uv": [0, 0, 16, 16], "texture": "#1"},
				"up": {"uv": [0, 0, 16, 16], "texture": "#1"},
				"down": {"uv": [0, 0, 16, 16], "texture": "#1"}
			}
		},
		{
			"from": [7, 0.44396, 8.53858],
			"to": [8, 2.94396, 9.53858],
			"rotation": {"angle": -22.5, "axis": "x", "origin": [8.75, 1, 8.75]},
			"faces": {
				"north": {"uv": [0, 0, 16, 16], "rotation": 180, "texture": "#4"},
				"east": {"uv": [0, 0, 16, 16], "rotation": 180, "texture": "#4"},
				"south": {"uv": [0, 0, 16, 16], "rotation": 180, "texture": "#4"},
				"west": {"uv": [0, 0, 16, 16], "rotation": 180, "texture": "#4"},
				"up": {"uv": [0, 0, 16, 16], "rotation": 180, "texture": "#4"},
				"down": {"uv": [0, 0, 16, 16], "rotation": 180, "texture": "#4"}
			}
		},
		{
			"from": [7, 2.4, 7.1],
			"to": [8, 5.15, 8.1],
			"rotation": {"angle": -22.5, "axis": "x", "origin": [7, 4.4, 7.1]},
			"faces": {
				"north": {"uv": [0, 0, 16, 16], "texture": "#1"},
				"east": {"uv": [0, 0, 16, 16], "texture": "#1"},
				"south": {"uv": [0, 0, 16, 16], "texture": "#1"},
				"west": {"uv": [0, 0, 16, 16], "texture": "#1"},
				"up": {"uv": [0, 0, 16, 16], "texture": "#1"},
				"down": {"uv": [0, 0, 16, 16], "texture": "#1"}
			}
		},
		{
			"from": [6, 0, 6.75],
			"to": [9, 1, 9.75],
			"rotation": {"angle": 0, "axis": "y", "origin": [14, 8, 14.75]},
			"faces": {
				"north": {"uv": [0, 2, 16, 8], "texture": "#2"},
				"east": {"uv": [0, 2, 16, 8], "texture": "#2"},
				"south": {"uv": [0, 2, 16, 8], "texture": "#2"},
				"west": {"uv": [0, 2, 16, 8], "texture": "#2"},
				"up": {"uv": [0, 2, 16, 16], "texture": "#2"},
				"down": {"uv": [0, 2, 16, 16], "texture": "#2"}
			}
		},
		{
			"from": [6, 4.85, 6.75],
			"to": [9, 5.85, 9.75],
			"rotation": {"angle": 0, "axis": "y", "origin": [14, 12.85, 14.75]},
			"faces": {
				"north": {"uv": [0, 2, 16, 9], "texture": "#2"},
				"east": {"uv": [0, 2, 16, 9], "texture": "#2"},
				"south": {"uv": [0, 2, 16, 9], "texture": "#2"},
				"west": {"uv": [0, 2, 16, 9], "texture": "#2"},
				"up": {"uv": [0, 2, 16, 16], "texture": "#2"},
				"down": {"uv": [0, 2, 16, 16], "texture": "#2"}
			}
		}
	],
	"display": {
		"thirdperson_righthand": {
			"rotation": [71, 0, 0],
			"translation": [0.5, -0.25, 1.75]
		},
		"thirdperson_lefthand": {
			"rotation": [65.75, 0, 0],
			"translation": [-0.75, 0.25, 1.75]
		},
		"firstperson_righthand": {
			"rotation": [-8.75, 19, 0],
			"translation": [0, 5.25, 0]
		},
		"firstperson_lefthand": {
			"translation": [0, -0.5, 0],
			"scale": [0.5, 0.5, 0.5]
		},
		"ground": {
			"translation": [0, 4.75, 0]
		},
		"gui": {
			"rotation": [22.5, 52, 0],
			"translation": [0, 7, 0],
			"scale": [1.5, 1.5, 1.5]
		},
		"head": {
			"translation": [1, -6.25, -5.75]
		},
		"fixed": {
			"translation": [1, 10.5, -3.75],
			"scale": [2, 2, 2]
		}
	}
}