{
  "variants": {
    "": [
      {
        "model": "minecraft:block/red_nether_bricks"
      },
      {
        "model": "minecraft:block/red_nether_bricks",
        "y": 90
      },
      {
        "model": "minecraft:block/red_nether_bricks",
        "y": 180
      },
      {
        "model": "minecraft:block/red_nether_bricks",
        "y": 270
      },
      {
        "model": "minecraft:block/red_nether_bricks",
        "x": 90
      },
      {
        "model": "minecraft:block/red_nether_bricks",
        "x": 180
      },
      {
        "model": "minecraft:block/red_nether_bricks",
        "x": 270
      },
      {
        "model": "minecraft:block/red_nether_bricks",
        "y": 90
      },
      {
        "model": "minecraft:block/red_nether_bricks",
        "y": 180
      },
      {
        "model": "minecraft:block/red_nether_bricks",
        "y": 270
      }
    ]
  }
}
