{"stats":{"minecraft:killed":{"minecraft:shulker":1,"minecraft:creeper":3,"minecraft:zombie":1,"minecraft:evoker":2,"minecraft:husk":3,"minecraft:bat":68468},"minecraft:custom":{"minecraft:interact_with_crafting_table":2,"minecraft:open_barrel":10,"minecraft:open_shulker_box":19,"minecraft:leave_game":211,"minecraft:time_since_death":64122,"minecraft:sprint_one_cm":9740742,"minecraft:drop":1350,"minecraft:deaths":1887,"minecraft:play_time":14016344,"minecraft:jump":31124,"minecraft:walk_on_water_one_cm":99043,"minecraft:interact_with_furnace":3,"minecraft:interact_with_cartography_table":2,"minecraft:interact_with_loom":7,"minecraft:damage_dealt":2486,"minecraft:interact_with_beacon":9,"minecraft:crouch_one_cm":339834,"minecraft:interact_with_smoker":2,"minecraft:use_cauldron":2,"minecraft:inspect_dispenser":7,"minecraft:interact_with_smithing_table":3,"minecraft:inspect_dropper":49,"minecraft:interact_with_anvil":30,"minecraft:mob_kills":68483,"minecraft:inspect_hopper":68,"minecraft:fill_cauldron":3,"minecraft:climb_one_cm":18403,"minecraft:walk_one_cm":13192172,"minecraft:sneak_time":443381,"minecraft:walk_under_water_one_cm":27804,"minecraft:boat_one_cm":410,"minecraft:interact_with_blast_furnace":3,"minecraft:total_world_time":34562737,"minecraft:tune_noteblock":5,"minecraft:pot_flower":5,"minecraft:interact_with_grindstone":31,"minecraft:interact_with_stonecutter":8,"minecraft:time_since_rest":64123,"minecraft:damage_taken":5635,"minecraft:trigger_trapped_chest":4,"minecraft:swim_one_cm":2899,"minecraft:fly_one_cm":69383898,"minecraft:open_chest":6,"minecraft:aviate_one_cm":370980,"minecraft:fall_one_cm":1119252},"minecraft:dropped":{"minecraft:repeating_command_block":6,"minecraft:oak_log":8,"minecraft:exposed_cut_copper_stairs":1,"minecraft:emerald_ore":1,"minecraft:decorated_pot":10,"minecraft:polished_blackstone_brick_wall":1,"minecraft:redstone_lamp":6,"minecraft:grass":1,"minecraft:deepslate_gold_ore":2,"minecraft:cut_sandstone":25,"minecraft:snowball":1,"minecraft:jack_o_lantern":6,"minecraft:amethyst_shard":37,"minecraft:deepslate_coal_ore":1,"minecraft:white_wool":2,"minecraft:birch_stairs":14,"minecraft:armor_stand":18,"minecraft:red_glazed_terracotta":1,"minecraft:spyglass":887,"minecraft:smooth_sandstone_stairs":66,"minecraft:diorite_stairs":1,"minecraft:oak_planks":1,"minecraft:blue_stained_glass":2,"minecraft:shulker_shell":6,"minecraft:brick_stairs":3,"minecraft:deepslate_copper_ore":2,"minecraft:ochre_froglight":1,"minecraft:spruce_wood":15,"minecraft:white_glazed_terracotta":5,"minecraft:dead_brain_coral_fan":3,"minecraft:lectern":1,"minecraft:cyan_stained_glass":1,"minecraft:polished_blackstone":2,"minecraft:deepslate_diamond_ore":2,"minecraft:light_gray_stained_glass_pane":2,"minecraft:command_block":2,"minecraft:nether_brick_wall":64,"minecraft:spruce_stairs":1,"minecraft:chicken_spawn_egg":8,"minecraft:coal_block":2,"minecraft:iron_trapdoor":1,"minecraft:pearlescent_froglight":1,"minecraft:smooth_red_sandstone":1,"minecraft:nether_gold_ore":1,"minecraft:light_blue_stained_glass":4,"minecraft:light_blue_wool":1,"minecraft:yellow_glazed_terracotta":7,"minecraft:potion":4,"minecraft:oak_stairs":5,"minecraft:smooth_sandstone_slab":64,"minecraft:blue_glazed_terracotta":1,"minecraft:magenta_glazed_terracotta":1,"minecraft:smooth_sandstone":1,"minecraft:redstone_block":5,"minecraft:chiseled_sandstone":1,"minecraft:redstone":8,"minecraft:purpur_pillar":1,"minecraft:bricks":11,"minecraft:lime_concrete":1,"minecraft:light_gray_wool":1,"minecraft:structure_block":2,"minecraft:nether_bricks":11,"minecraft:stripped_bamboo_block":2,"minecraft:light":3,"minecraft:oak_button":3,"minecraft:orange_terracotta":1,"minecraft:spruce_trapdoor":1,"minecraft:carved_pumpkin":10,"minecraft:sandstone":164,"minecraft:nether_quartz_ore":1,"minecraft:black_wool":1,"minecraft:amethyst_cluster":1},"minecraft:crafted":{"minecraft:decorated_pot":4},"minecraft:killed_by":{"minecraft:creeper":2,"minecraft:husk":1},"minecraft:used":{"minecraft:moss_block":1539,"minecraft:orange_dye":6,"minecraft:moss_carpet":15,"minecraft:light_blue_stained_glass_pane":182,"minecraft:nether_brick_fence":32,"minecraft:jack_o_lantern":1,"minecraft:blue_terracotta":67,"minecraft:red_sand":6,"minecraft:polished_granite_stairs":5,"minecraft:polished_deepslate":96,"minecraft:chiseled_deepslate":12,"minecraft:bone_block":376,"minecraft:bamboo_sign":131,"minecraft:smooth_quartz_slab":147,"minecraft:dispenser":5,"minecraft:spruce_slab":1,"minecraft:red_sandstone_slab":1,"minecraft:dead_tube_coral_fan":53,"minecraft:polished_blackstone":3479,"minecraft:suspicious_sand":4,"minecraft:ladder":6,"minecraft:oak_sign":36,"minecraft:polished_basalt":44,"minecraft:white_concrete_powder":83,"minecraft:decorated_pot":102,"minecraft:chest":3,"minecraft:brown_concrete":2,"minecraft:white_terracotta":950,"minecraft:stone":16,"minecraft:zombie_spawn_egg":1,"minecraft:creeper_head":1,"minecraft:stripped_jungle_wood":1,"minecraft:quartz_stairs":658,"minecraft:red_nether_brick_stairs":219,"minecraft:grass":674,"minecraft:bell":2,"minecraft:mossy_stone_brick_slab":1,"minecraft:smooth_sandstone_stairs":5440,"minecraft:farmland":1,"minecraft:waxed_weathered_cut_copper_stairs":30,"minecraft:stripped_crimson_stem":69,"minecraft:sculk_sensor":1,"minecraft:soul_campfire":1,"minecraft:debug_stick":1230,"minecraft:chiseled_red_sandstone":170,"minecraft:soul_sand":12,"minecraft:birch_pressure_plate":2,"minecraft:blue_stained_glass":13,"minecraft:brick_slab":1871,"minecraft:orange_glazed_terracotta":16,"minecraft:deepslate_tile_slab":3,"minecraft:nether_bricks":5364,"minecraft:prismarine_brick_stairs":16,"minecraft:weathered_cut_copper_stairs":956,"minecraft:jungle_slab":19,"minecraft:orange_wool":233,"minecraft:deepslate_brick_slab":1,"minecraft:beehive":2,"minecraft:cyan_wool":71,"minecraft:snowball":180,"minecraft:stripped_spruce_log":2,"minecraft:obsidian":11,"minecraft:polished_deepslate_stairs":24,"minecraft:red_sandstone_stairs":1,"minecraft:polished_blackstone_slab":780,"minecraft:glass":90,"minecraft:mangrove_stairs":2,"minecraft:stripped_dark_oak_wood":1,"minecraft:coal_ore":56,"minecraft:mangrove_log":13,"minecraft:bricks":8349,"minecraft:spruce_wood":1,"minecraft:quartz_pillar":1,"minecraft:red_wool":48,"minecraft:warped_hyphae":1,"minecraft:quartz_slab":96,"minecraft:grass_block":198,"minecraft:lantern":21,"minecraft:deepslate_copper_ore":39,"minecraft:copper_ore":30,"minecraft:polished_andesite_stairs":2,"minecraft:quartz_block":92,"minecraft:polished_blackstone_brick_wall":287,"minecraft:dark_oak_wood":2,"minecraft:dark_oak_slab":1,"minecraft:mossy_cobblestone_slab":3,"minecraft:gray_concrete_powder":1,"minecraft:crimson_roots":1,"minecraft:raw_gold_block":10,"minecraft:diorite_wall":1,"minecraft:pink_wool":4,"minecraft:stone_brick_stairs":2,"minecraft:stone_bricks":15,"minecraft:item_frame":19,"minecraft:red_nether_brick_wall":27,"minecraft:bedrock":2,"minecraft:deepslate_diamond_ore":21,"minecraft:stripped_mangrove_log":1,"minecraft:birch_trapdoor":6,"minecraft:exposed_cut_copper_slab":35,"minecraft:repeater":49,"minecraft:redstone_lamp":55,"minecraft:snow":3478,"minecraft:bow":9,"minecraft:hay_block":4,"minecraft:mangrove_roots":6,"minecraft:yellow_glazed_terracotta":224,"minecraft:furnace":4,"minecraft:mangrove_slab":1,"minecraft:oxidized_cut_copper_stairs":170,"minecraft:acacia_fence":16,"minecraft:polished_diorite_stairs":2,"minecraft:gold_block":1,"minecraft:skeleton_skull":11,"minecraft:end_stone_brick_stairs":143,"minecraft:pearlescent_froglight":26,"minecraft:polished_blackstone_stairs":1836,"minecraft:dead_brain_coral_fan":75,"minecraft:dark_prismarine_stairs":1,"minecraft:stripped_spruce_wood":1,"minecraft:lime_glazed_terracotta":33,"minecraft:deepslate_brick_wall":1,"minecraft:emerald_ore":16,"minecraft:dark_oak_stairs":1,"minecraft:bamboo_trapdoor":157,"minecraft:mossy_stone_bricks":1,"minecraft:bamboo_mosaic":91,"minecraft:diorite":8459,"minecraft:end_rod":19,"minecraft:end_stone_bricks":251,"minecraft:torchflower":1,"minecraft:brick_wall":352,"minecraft:stripped_acacia_log":26,"minecraft:dropper":119,"minecraft:wither_skeleton_skull":1,"minecraft:stripped_birch_log":86,"minecraft:birch_leaves":109,"minecraft:powered_rail":12,"minecraft:acacia_trapdoor":7,"minecraft:blackstone_stairs":116,"minecraft:prismarine":22,"minecraft:prismarine_stairs":3,"minecraft:birch_wood":1,"minecraft:polished_diorite_slab":6,"minecraft:blackstone":145,"minecraft:ender_pearl":1,"minecraft:mossy_stone_brick_stairs":1,"minecraft:sandstone":7319,"minecraft:black_glazed_terracotta":4,"minecraft:structure_void":97,"minecraft:redstone_block":831,"minecraft:end_stone_brick_slab":226,"minecraft:clay":1,"minecraft:purpur_pillar":21,"minecraft:oak_leaves":41,"minecraft:smooth_quartz_stairs":1598,"minecraft:bamboo_stairs":1,"minecraft:white_wool":34,"minecraft:stripped_mangrove_wood":1,"minecraft:glow_berries":2,"minecraft:dark_oak_trapdoor":1,"minecraft:blue_dye":1,"minecraft:sand":878,"minecraft:purpur_stairs":3,"minecraft:yellow_terracotta":11,"minecraft:light_blue_concrete":537,"minecraft:cut_sandstone_slab":169,"minecraft:pitcher_pod":2,"minecraft:loom":15,"minecraft:light_blue_wool":430,"minecraft:blast_furnace":3,"minecraft:smooth_red_sandstone":422,"minecraft:light_gray_terracotta":8,"minecraft:yellow_concrete":107,"minecraft:deepslate_redstone_ore":1,"minecraft:cyan_dye":1,"minecraft:stripped_cherry_wood":46,"minecraft:gray_concrete":2,"minecraft:note_block":3,"minecraft:chiseled_quartz_block":163,"minecraft:blackstone_wall":10,"minecraft:dripstone_block":8,"minecraft:ochre_froglight":12,"minecraft:shulker_spawn_egg":2,"minecraft:stone_brick_wall":8,"minecraft:black_concrete_powder":2,"minecraft:deepslate_lapis_ore":8,"minecraft:end_stone":5,"minecraft:cobbled_deepslate_stairs":1,"minecraft:red_sandstone_wall":29,"minecraft:deepslate_brick_stairs":1,"minecraft:lightning_rod":24,"minecraft:creeper_spawn_egg":9,"minecraft:birch_fence":20,"minecraft:deepslate_tiles":519,"minecraft:redstone_torch":80,"minecraft:sticky_piston":52,"minecraft:blue_glazed_terracotta":127,"minecraft:lever":58,"minecraft:green_concrete":307,"minecraft:red_sandstone":10,"minecraft:black_concrete":3,"minecraft:daylight_detector":2,"minecraft:birch_fence_gate":3,"minecraft:chiseled_sandstone":1124,"minecraft:birch_slab":75,"minecraft:stripped_bamboo_block":100,"minecraft:dark_oak_log":1,"minecraft:deepslate_iron_ore":14,"minecraft:light_gray_concrete":3,"minecraft:stone_button":11,"minecraft:string":23,"minecraft:brown_wool":712,"minecraft:verdant_froglight":5,"minecraft:barrier":303,"minecraft:warped_slab":36,"minecraft:spore_blossom":2,"minecraft:lectern":33,"minecraft:white_glazed_terracotta":1183,"minecraft:red_terracotta":32,"minecraft:polished_granite":3,"minecraft:oak_pressure_plate":3,"minecraft:diamond_ore":15,"minecraft:iron_door":2,"minecraft:deepslate":104,"minecraft:cut_red_sandstone":23,"minecraft:prismarine_wall":1,"minecraft:flowering_azalea_leaves":16,"minecraft:polished_andesite_slab":8,"minecraft:soul_lantern":1,"minecraft:blackstone_slab":112,"minecraft:granite_slab":3,"minecraft:evoker_spawn_egg":2,"minecraft:stripped_warped_hyphae":1,"minecraft:diamond_sword":3,"minecraft:smooth_red_sandstone_slab":74,"minecraft:torchflower_seeds":2,"minecraft:coal_block":51,"minecraft:light_blue_concrete_powder":1,"minecraft:exposed_cut_copper":1,"minecraft:stripped_oak_wood":2,"minecraft:grindstone":73,"minecraft:medium_amethyst_bud":3,"minecraft:smithing_table":2,"minecraft:deepslate_coal_ore":14,"minecraft:white_stained_glass":126,"minecraft:waxed_oxidized_cut_copper_stairs":26,"minecraft:birch_log":1,"minecraft:andesite":202,"minecraft:chain":17,"minecraft:ice":5,"minecraft:mossy_cobblestone_wall":13,"minecraft:smooth_stone_slab":13,"minecraft:bamboo_mosaic_slab":36,"minecraft:oak_boat":1,"minecraft:waxed_cut_copper_stairs":19,"minecraft:white_concrete":4,"minecraft:stripped_cherry_log":69,"minecraft:warped_button":1,"minecraft:oak_hanging_sign":18,"minecraft:diorite_slab":121,"minecraft:purple_wool":53,"minecraft:bone_meal":19,"minecraft:experience_bottle":24,"minecraft:diorite_stairs":329,"minecraft:oak_fence":81,"minecraft:oak_trapdoor":4,"minecraft:purpur_block":2,"minecraft:stripped_acacia_wood":41,"minecraft:netherite_sword":20,"minecraft:iron_bars":17,"minecraft:polished_blackstone_brick_slab":530,"minecraft:enchanting_table":3,"minecraft:cherry_wood":8,"minecraft:granite_stairs":7,"minecraft:acacia_log":5,"minecraft:orange_concrete":85,"minecraft:flint_and_steel":33,"minecraft:red_concrete":5,"minecraft:carved_pumpkin":6,"minecraft:redstone_ore":134,"minecraft:armor_stand":4527,"minecraft:stone_shovel":2,"minecraft:redstone":516,"minecraft:stripped_warped_stem":24,"minecraft:tinted_glass":84,"minecraft:brown_shulker_box":10,"minecraft:deepslate_gold_ore":47,"minecraft:mangrove_fence":9,"minecraft:stripped_birch_wood":13,"minecraft:polished_blackstone_wall":720,"minecraft:sandstone_wall":206,"minecraft:structure_block":39,"minecraft:cut_copper_stairs":140,"minecraft:oak_door":1,"minecraft:green_glazed_terracotta":4,"minecraft:exposed_cut_copper_stairs":708,"minecraft:torch":14,"minecraft:end_stone_brick_wall":3,"minecraft:anvil":424,"minecraft:brewing_stand":13,"minecraft:spyglass":611,"minecraft:target":29,"minecraft:red_nether_brick_slab":178,"minecraft:ancient_debris":4,"minecraft:white_carpet":4,"minecraft:light_blue_dye":1,"minecraft:hopper":76,"minecraft:nether_quartz_ore":226,"minecraft:spruce_stairs":517,"minecraft:light_gray_glazed_terracotta":19,"minecraft:cobblestone_wall":6,"minecraft:crimson_hyphae":2,"minecraft:pink_dye":2,"minecraft:shulker_box":3,"minecraft:nether_brick_slab":278,"minecraft:oak_wood":3,"minecraft:blue_concrete":257,"minecraft:bee_nest":3,"minecraft:raw_iron_block":22,"minecraft:polished_granite_slab":3,"minecraft:glow_lichen":32,"minecraft:granite":372,"minecraft:spruce_fence":33,"minecraft:light_blue_stained_glass":52,"minecraft:mud_brick_stairs":265,"minecraft:nether_brick_stairs":1022,"minecraft:oak_fence_gate":6,"minecraft:polished_diorite":4,"minecraft:small_dripleaf":1,"minecraft:andesite_wall":1,"minecraft:mossy_cobblestone_stairs":5,"minecraft:stone_brick_slab":2,"minecraft:sea_lantern":229,"minecraft:smooth_sandstone":2304,"minecraft:light_gray_stained_glass":53,"minecraft:spruce_button":2,"minecraft:acacia_slab":4,"minecraft:filled_map":1,"minecraft:iron_block":13,"minecraft:oak_stairs":55,"minecraft:cherry_slab":42,"minecraft:brick_stairs":2114,"minecraft:slime_block":1,"minecraft:warped_fence":6,"minecraft:polished_deepslate_wall":5,"minecraft:jungle_log":2,"minecraft:crimson_slab":1,"minecraft:chicken_spawn_egg":1,"minecraft:polished_blackstone_brick_stairs":537,"minecraft:smooth_quartz":1382,"minecraft:lime_dye":6,"minecraft:tall_grass":14,"minecraft:bamboo":5,"minecraft:mud_bricks":1139,"minecraft:raw_copper_block":16,"minecraft:waxed_exposed_cut_copper_slab":32,"minecraft:prismarine_slab":2,"minecraft:barrel":15,"minecraft:smooth_basalt":13,"minecraft:emerald_block":2,"minecraft:purple_concrete":4,"minecraft:light_gray_wool":8,"minecraft:soul_soil":12,"minecraft:basalt":9,"minecraft:waxed_cut_copper_slab":1,"minecraft:pitcher_plant":1,"minecraft:lime_concrete":1884,"minecraft:warped_stairs":736,"minecraft:magenta_wool":14,"minecraft:gray_glazed_terracotta":6,"minecraft:iron_trapdoor":976,"minecraft:lime_stained_glass":6,"minecraft:deepslate_tile_stairs":1,"minecraft:granite_wall":4,"minecraft:dead_bubble_coral_fan":3,"minecraft:cobbled_deepslate":1,"minecraft:acacia_planks":3,"minecraft:cherry_log":11,"minecraft:acacia_wood":1,"minecraft:mossy_stone_brick_wall":17,"minecraft:powder_snow_bucket":5,"minecraft:trapped_chest":3,"minecraft:stone_pressure_plate":4,"minecraft:observer":292,"minecraft:red_dye":34,"minecraft:turtle_egg":58,"minecraft:magenta_dye":1,"minecraft:orange_terracotta":170,"minecraft:pumpkin":4,"minecraft:bamboo_planks":19,"minecraft:pointed_dripstone":269,"minecraft:crimson_stem":2,"minecraft:cobbled_deepslate_wall":1,"minecraft:deepslate_emerald_ore":12,"minecraft:quartz_bricks":44,"minecraft:water_bucket":642,"minecraft:sandstone_stairs":146,"minecraft:pink_glazed_terracotta":2,"minecraft:chiseled_bookshelf":88,"minecraft:nether_brick_wall":56,"minecraft:warped_stem":2,"minecraft:jigsaw":6,"minecraft:mangrove_wood":1,"minecraft:amethyst_block":5,"minecraft:iron_ore":26,"minecraft:light_blue_glazed_terracotta":5,"minecraft:cobblestone_stairs":6,"minecraft:dirt_path":10,"minecraft:prismarine_brick_slab":1,"minecraft:dark_oak_hanging_sign":6,"minecraft:birch_planks":113,"minecraft:polished_andesite":8,"minecraft:mud_brick_slab":241,"minecraft:lime_wool":1593,"minecraft:red_nether_bricks":2370,"minecraft:cartography_table":1,"minecraft:blue_wool":47,"minecraft:andesite_slab":23,"minecraft:copper_block":2,"minecraft:smooth_sandstone_slab":787,"minecraft:purple_glazed_terracotta":56,"minecraft:cherry_planks":5,"minecraft:cut_sandstone":1689,"minecraft:sniffer_egg":1,"minecraft:cauldron":2,"minecraft:red_glazed_terracotta":41,"minecraft:stonecutter":30,"minecraft:beacon":24,"minecraft:glow_ink_sac":55,"minecraft:cobblestone_slab":3,"minecraft:pink_concrete":2,"minecraft:deepslate_bricks":1,"minecraft:gold_ore":34,"minecraft:diamond_block":16,"minecraft:jungle_wood":1,"minecraft:polished_blackstone_bricks":2406,"minecraft:conduit":26,"minecraft:cracked_stone_bricks":1,"minecraft:glow_item_frame":8,"minecraft:bamboo_mosaic_stairs":25,"minecraft:comparator":46,"minecraft:polished_blackstone_pressure_plate":4,"minecraft:polished_deepslate_slab":1,"minecraft:mossy_cobblestone":3,"minecraft:terracotta":674,"minecraft:rail":14,"minecraft:stripped_dark_oak_log":1,"minecraft:vine":33,"minecraft:dark_prismarine_slab":1,"minecraft:cyan_glazed_terracotta":3,"minecraft:oak_slab":11,"minecraft:crafting_table":2,"minecraft:green_dye":15,"minecraft:bamboo_block":10,"minecraft:sculk_shrieker":2,"minecraft:campfire":17,"minecraft:light_gray_concrete_powder":16,"minecraft:infested_deepslate":6,"minecraft:brown_glazed_terracotta":21,"minecraft:painting":65,"minecraft:smoker":3,"minecraft:piglin_head":3,"minecraft:warped_planks":120,"minecraft:cake":1,"minecraft:spruce_log":1,"minecraft:book":36,"minecraft:cyan_stained_glass":50,"minecraft:mushroom_stem":3,"minecraft:nether_gold_ore":994,"minecraft:deepslate_tile_wall":1,"minecraft:small_amethyst_bud":8,"minecraft:oak_log":1,"minecraft:amethyst_cluster":37,"minecraft:yellow_dye":14,"minecraft:piston":5,"minecraft:ender_eye":11,"minecraft:flower_pot":38,"minecraft:light":1762,"minecraft:acacia_stairs":45,"minecraft:black_wool":5,"minecraft:waxed_exposed_cut_copper_stairs":22,"minecraft:command_block":372,"minecraft:stripped_jungle_log":4,"minecraft:cracked_polished_blackstone_bricks":1,"minecraft:oak_button":21,"minecraft:map":4,"minecraft:lapis_ore":30,"minecraft:spruce_pressure_plate":1,"minecraft:cracked_nether_bricks":65,"minecraft:magenta_concrete":4,"minecraft:jungle_stairs":553,"minecraft:cyan_concrete":312,"minecraft:purpur_slab":19,"minecraft:spruce_trapdoor":4,"minecraft:bamboo_slab":1,"minecraft:purple_dye":1,"minecraft:yellow_wool":774,"minecraft:acacia_fence_gate":65,"minecraft:pink_petals":48,"minecraft:green_carpet":10,"minecraft:chiseled_stone_bricks":18,"minecraft:cobblestone":2,"minecraft:cherry_stairs":421,"minecraft:azalea_leaves":50,"minecraft:stripped_crimson_hyphae":1,"minecraft:cobbled_deepslate_slab":1,"minecraft:mud_brick_wall":3,"minecraft:crimson_stairs":2,"minecraft:andesite_stairs":61,"minecraft:bucket":10,"minecraft:chain_command_block":28,"minecraft:red_banner":1,"minecraft:sandstone_slab":236,"minecraft:lapis_block":4,"minecraft:magenta_glazed_terracotta":171,"minecraft:repeating_command_block":89,"minecraft:end_portal_frame":125,"minecraft:sea_pickle":12,"minecraft:brush":7,"minecraft:stripped_oak_log":8,"minecraft:gray_wool":78,"minecraft:jukebox":1,"minecraft:smooth_stone":619,"minecraft:sculk_vein":37,"minecraft:birch_stairs":704},"minecraft:picked_up":{"minecraft:shulker_shell":24,"minecraft:redstone_block":5,"minecraft:iron_trapdoor":1,"minecraft:potion":4,"minecraft:light":2,"minecraft:armor_stand":53,"minecraft:comparator":2,"minecraft:redstone_torch":20,"minecraft:coal_block":2,"minecraft:white_glazed_terracotta":5,"minecraft:cyan_stained_glass":1,"minecraft:purpur_pillar":1,"minecraft:spruce_stairs":1,"minecraft:porkchop":1760,"minecraft:blue_stained_glass":2,"minecraft:nether_gold_ore":1,"minecraft:command_block":2,"minecraft:blue_glazed_terracotta":1,"minecraft:carved_pumpkin":9,"minecraft:deepslate_copper_ore":1,"minecraft:snowball":1,"minecraft:repeater":3,"minecraft:smooth_sandstone_stairs":66,"minecraft:stripped_bamboo_block":2,"minecraft:exposed_cut_copper_stairs":1,"minecraft:sand":5,"minecraft:chiseled_sandstone":1,"minecraft:lever":9,"minecraft:deepslate_gold_ore":1,"minecraft:jack_o_lantern":5,"minecraft:bricks":10,"minecraft:magenta_glazed_terracotta":1,"minecraft:redstone_lamp":6,"minecraft:deepslate_diamond_ore":2,"minecraft:lectern":1,"minecraft:light_gray_wool":1,"minecraft:sandstone":157,"minecraft:amethyst_cluster":1,"minecraft:redstone":72,"minecraft:light_gray_stained_glass_pane":1,"minecraft:chicken_spawn_egg":7,"minecraft:smooth_sandstone_slab":64,"minecraft:blue_concrete_powder":16,"minecraft:repeating_command_block":6,"minecraft:decorated_pot":34,"minecraft:nether_bricks":8,"minecraft:nether_brick_wall":64,"minecraft:polished_blackstone":2,"minecraft:brick_stairs":3,"minecraft:white_wool":2,"minecraft:emerald_ore":1,"minecraft:smooth_red_sandstone":1,"minecraft:cut_sandstone":23,"minecraft:red_glazed_terracotta":1,"minecraft:yellow_glazed_terracotta":7,"minecraft:gunpowder":15,"minecraft:orange_terracotta":1,"minecraft:smooth_sandstone":1,"minecraft:pearlescent_froglight":1,"minecraft:book":6,"minecraft:nether_quartz_ore":1,"minecraft:dandelion":1,"minecraft:lime_concrete":1,"minecraft:spyglass":109,"minecraft:amethyst_shard":2,"minecraft:light_blue_stained_glass":4,"minecraft:white_concrete_powder":1,"minecraft:polished_blackstone_brick_wall":1,"minecraft:oak_button":3}},"DataVersion":3463}