{
    "sources": [
        {"type": "single","resource": "delta:transparent"},
        {"type": "single","resource": "delta:particle/cull"},
        {"type": "single","resource": "particle/explosion_0"},
        {"type": "single","resource": "particle/explosion_1"},
        {"type": "single","resource": "particle/explosion_2"},
        {"type": "single","resource": "particle/explosion_3"},
        {"type": "single","resource": "particle/explosion_4"},
        {"type": "single","resource": "particle/explosion_5"},
        {"type": "single","resource": "particle/explosion_6"},
        {"type": "single","resource": "particle/explosion_7"},
        {"type": "single","resource": "particle/explosion_8"},
        {"type": "single","resource": "particle/explosion_9"},
        {"type": "single","resource": "particle/explosion_10"},
        {"type": "single","resource": "particle/explosion_11"},
        {"type": "single","resource": "particle/explosion_12"},
        {"type": "single","resource": "particle/explosion_13"},
        {"type": "single","resource": "particle/explosion_14"},
        {"type": "single","resource": "particle/explosion_15"}
    ]
}