{
	"credit": "Made with Blockbench",
	"parent": "minecraft:block/block",
	"textures": {
		"0": "block/birch_planks",
		"particle": "block/birch_planks"
	},
	"elements": [
		{
			"from": [1.51, 7.5, -3.5],
			"to": [14.49, 8.5, 19.2],
			"rotation": {"angle": -45, "axis": "x", "origin": [8, 8, 8]},
			"faces": {
				"north": {"uv": [0, 0, 1, 12.98], "rotation": 270, "texture": "#0"},
				"east": {"uv": [0, 0, 1, 16], "rotation": 270, "texture": "#0"},
				"south": {"uv": [0, 0, 1, 12.98], "rotation": 270, "texture": "#0"},
				"west": {"uv": [0, 0, 1, 16], "rotation": 90, "texture": "#0"},
				"up": {"uv": [0, 0, 12.98, 16], "rotation": 180, "texture": "#0"},
				"down": {"uv": [0, 0, 12.98, 16], "texture": "#0"}
			}
		},
		{
			"from": [1.51, 1.5, 2],
			"to": [14.49, 2.5, 13.7],
			"rotation": {"angle": -45, "axis": "x", "origin": [8, 8, 8]},
			"faces": {
				"north": {"uv": [0, 0, 1, 12.98], "rotation": 270, "texture": "#0"},
				"east": {"uv": [0, 0, 1, 11.7], "rotation": 270, "texture": "#0"},
				"south": {"uv": [0, 0, 1, 12.98], "rotation": 270, "texture": "#0"},
				"west": {"uv": [0, 0, 1, 11.7], "rotation": 90, "texture": "#0"},
				"up": {"uv": [0, 0, 12.98, 11.7], "rotation": 180, "texture": "#0"},
				"down": {"uv": [0, 0, 12.98, 11.7], "texture": "#0"}
			}
		},
		{
			"from": [1.51, 12.5, 2.5],
			"to": [14.49, 13.5, 12.95],
			"rotation": {"angle": -45, "axis": "x", "origin": [8, 7.5, 8]},
			"faces": {
				"north": {"uv": [0, 0, 1, 12.98], "rotation": 270, "texture": "#0"},
				"east": {"uv": [0, 0, 1, 11.7], "rotation": 270, "texture": "#0"},
				"south": {"uv": [0, 0, 1, 12.98], "rotation": 270, "texture": "#0"},
				"west": {"uv": [0, 0, 1, 11.7], "rotation": 90, "texture": "#0"},
				"up": {"uv": [0, 0, 12.98, 11.7], "rotation": 180, "texture": "#0"},
				"down": {"uv": [0, 0, 12.98, 11.7], "texture": "#0"}
			}
		},
		{
			"from": [1.5, 2, 1.5],
			"to": [14.5, 13.9, 2.5],
			"rotation": {"angle": -45, "axis": "x", "origin": [8, 8, 8]},
			"faces": {
				"north": {"uv": [0, 0, 13, 11.7], "texture": "#0"},
				"east": {"uv": [0, 0, 1, 11.7], "texture": "#0"},
				"south": {"uv": [0, 0, 13, 11.7], "texture": "#0"},
				"west": {"uv": [0, 0, 1, 11.7], "texture": "#0"},
				"up": {"uv": [0, 0, 1, 13], "rotation": 270, "texture": "#0"},
				"down": {"uv": [0, 0, 1, 13], "rotation": 90, "texture": "#0"}
			}
		},
		{
			"from": [1.5, -3.5, 7.5],
			"to": [14.5, 19.2, 8.5],
			"rotation": {"angle": -45, "axis": "x", "origin": [8, 8, 8]},
			"faces": {
				"north": {"uv": [0, 0, 13, 16], "texture": "#0"},
				"east": {"uv": [0, 0, 1, 16], "texture": "#0"},
				"south": {"uv": [0, 0, 13, 16], "texture": "#0"},
				"west": {"uv": [0, 0, 1, 16], "texture": "#0"},
				"up": {"uv": [0, 0, 1, 13], "rotation": 270, "texture": "#0"},
				"down": {"uv": [0, 0, 1, 13], "rotation": 90, "texture": "#0"}
			}
		},
		{
			"from": [1.5, 2, 12.75],
			"to": [14.5, 12.7, 13.75],
			"rotation": {"angle": -45, "axis": "x", "origin": [8, 7.5, 8]},
			"faces": {
				"north": {"uv": [0, 0, 13, 11.7], "texture": "#0"},
				"east": {"uv": [0, 0, 1, 11.7], "texture": "#0"},
				"south": {"uv": [0, 0, 13, 11.7], "texture": "#0"},
				"west": {"uv": [0, 0, 1, 11.7], "texture": "#0"},
				"up": {"uv": [0, 0, 1, 13], "rotation": 270, "texture": "#0"},
				"down": {"uv": [0, 0, 1, 13], "rotation": 90, "texture": "#0"}
			}
		}
	]
}