{
  "condition": "minecraft:alternative",
  "terms": [
    {
      "condition": "minecraft:value_check",
      "value": {
        "type": "minecraft:score",
        "target": "this",
        "score": "w"
      },
      "range": {
        "min": 1
      }
    },
    {
      "condition": "minecraft:value_check",
      "value": {
        "type": "minecraft:score",
        "target": "this",
        "score": "a"
      },
      "range": {
        "min": 1
      }
    },
    {
      "condition": "minecraft:value_check",
      "value": {
        "type": "minecraft:score",
        "target": "this",
        "score": "s"
      },
      "range": {
        "min": 1
      }
    },
    {
      "condition": "minecraft:value_check",
      "value": {
        "type": "minecraft:score",
        "target": "this",
        "score": "d"
      },
      "range": {
        "min": 1
      }
    }
  ]
}
