{
    "providers": [
        {
            "type": "reference",
            "id": "minecraft:include/space"
        },
        {
            "type": "reference",
            "id": "minecraft:include/default"
        },
        {
            "type": "reference",
            "id": "minecraft:include/unifont"
        },
        {
            "type": "reference",
            "id":"minecraft:include/crystal_full"
        },
        {
            "type": "reference",
            "id":"minecraft:include/crystal_empty"
        },
        {
            "type": "reference",
            "id":"minecraft:include/blend_screen"
        },
        {
            "type": "reference",
            "id":"minecraft:include/cinematic_screen"
        }
    ]
}
