{
	"credit": "Made with Blockbench",
	"textures": {
		"1": "block/cut_red_sandstone",
		"2": "block/cut_sandstone",
		"3": "block/red_sandstone_top",
		"4": "block/fire_0",
		"particle": "block/fire_0"
	},
	"elements": [
		{
			"name": "base",
			"from": [5, 12.4, 0],
			"to": [11, 13.5, 5.15],
			"rotation": {"angle": 0, "axis": "y", "origin": [8, 12.525, 3.7625]},
			"faces": {
				"north": {"uv": [0, 0, 6, 1.1], "texture": "#missing"},
				"east": {"uv": [0, 0, 15, 6], "texture": "#3"},
				"south": {"uv": [0, 0, 16, 4], "texture": "#3"},
				"west": {"uv": [0, 0, 15, 4], "texture": "#3"},
				"up": {"uv": [0, 0, 16, 15], "texture": "#3"},
				"down": {"uv": [0, 0, 16, 15], "texture": "#3"}
			}
		},
		{
			"name": "base3",
			"from": [5.7, 10.8, 0],
			"to": [10.3, 11.5, 4.3],
			"rotation": {"angle": 0, "axis": "y", "origin": [8, 12.525, 3.7625]},
			"faces": {
				"north": {"uv": [0, 0, 4.6, 0.7], "texture": "#missing"},
				"east": {"uv": [0, 0, 15, 6], "texture": "#3"},
				"south": {"uv": [0, 0, 16, 10], "texture": "#3"},
				"west": {"uv": [0, 0, 15, 8], "texture": "#3"},
				"up": {"uv": [0, 0, 4.6, 4.3], "texture": "#missing"},
				"down": {"uv": [0, 0, 4.6, 4.3], "texture": "#missing"}
			}
		},
		{
			"name": "base2",
			"from": [5.45, 11.45, 0],
			"to": [10.55, 12.5, 4.55],
			"rotation": {"angle": 0, "axis": "y", "origin": [8, 12.525, 3.7625]},
			"faces": {
				"north": {"uv": [0, 0, 5.1, 1.05], "texture": "#missing"},
				"east": {"uv": [0, 0, 16, 6], "texture": "#3"},
				"south": {"uv": [0, 0, 15, 6], "texture": "#3"},
				"west": {"uv": [0, 0, 16, 6], "texture": "#3"},
				"up": {"uv": [0, 0, 5.1, 4.55], "texture": "#missing"},
				"down": {"uv": [0, 0, 15, 16], "texture": "#3"}
			}
		},
		{
			"name": "base4",
			"from": [5.4, 10.55, 0],
			"to": [10.6, 10.8, 4.6],
			"rotation": {"angle": 0, "axis": "y", "origin": [8, 12.525, 3.7625]},
			"faces": {
				"north": {"uv": [0, 2, 16, 4], "texture": "#1"},
				"east": {"uv": [0, 2, 16, 4], "texture": "#1"},
				"south": {"uv": [0, 2, 16, 4], "texture": "#1"},
				"west": {"uv": [0, 2, 16, 4], "texture": "#1"},
				"up": {"uv": [0, 2, 16, 16], "rotation": 90, "texture": "#1"},
				"down": {"uv": [0, 2, 16, 16], "rotation": 270, "texture": "#1"}
			}
		},
		{
			"name": "base5",
			"from": [5.9, 10.3, 0],
			"to": [10.1, 10.55, 4.1],
			"rotation": {"angle": 0, "axis": "y", "origin": [8, 12.525, 3.7625]},
			"faces": {
				"north": {"uv": [0, 2, 15, 4], "texture": "#1"},
				"east": {"uv": [0, 2, 15, 4], "texture": "#1"},
				"south": {"uv": [0, 2, 15, 4], "texture": "#1"},
				"west": {"uv": [0, 2, 15, 4], "texture": "#1"},
				"up": {"uv": [0, 2, 15, 4], "texture": "#1"},
				"down": {"uv": [0, 2, 16, 16], "texture": "#1"}
			}
		},
		{
			"name": "base6",
			"from": [6.65, 10.05, 0],
			"to": [9.35, 10.3, 3.1],
			"rotation": {"angle": 0, "axis": "y", "origin": [8, 12.525, 3.7625]},
			"faces": {
				"north": {"uv": [1, 2, 16, 5], "texture": "#1"},
				"east": {"uv": [1, 2, 16, 5], "texture": "#1"},
				"south": {"uv": [1, 2, 16, 5], "texture": "#1"},
				"west": {"uv": [1, 2, 16, 5], "texture": "#1"},
				"up": {"uv": [1, 2, 16, 5], "texture": "#1"},
				"down": {"uv": [5, 2, 16, 16], "rotation": 270, "texture": "#1"}
			}
		},
		{
			"name": "rim_left_front",
			"from": [4.64039, 13, 0.73876],
			"to": [5.64039, 14, 4.23876],
			"rotation": {"angle": 45, "axis": "y", "origin": [8, 12.525, 3.7625]},
			"faces": {
				"north": {"uv": [1, 2, 16, 7], "texture": "#2"},
				"east": {"uv": [1, 2, 16, 7], "texture": "#2"},
				"south": {"uv": [1, 2, 16, 7], "texture": "#2"},
				"west": {"uv": [1, 2, 16, 7], "texture": "#2"},
				"up": {"uv": [1, 2, 16, 7], "rotation": 270, "texture": "#2"},
				"down": {"uv": [1, 2, 16, 7], "rotation": 90, "texture": "#2"}
			}
		},
		{
			"name": "rim_front",
			"from": [6, 13, 5.475],
			"to": [10, 13.99, 6.475],
			"rotation": {"angle": 0, "axis": "y", "origin": [8, 12.525, 3.7625]},
			"faces": {
				"north": {"uv": [0, 2, 16, 7], "texture": "#2"},
				"east": {"uv": [0, 2, 16, 7], "texture": "#2"},
				"south": {"uv": [0, 2, 16, 7], "texture": "#2"},
				"west": {"uv": [0, 2, 16, 7], "texture": "#2"},
				"up": {"uv": [0, 2, 16, 7], "rotation": 180, "texture": "#2"},
				"down": {"uv": [0, 2, 16, 7], "texture": "#2"}
			}
		},
		{
			"name": "side_front",
			"from": [6, 11.01625, 4.057],
			"to": [10, 14.75625, 5.307],
			"rotation": {"angle": 45, "axis": "x", "origin": [8, 12.525, 3.7625]},
			"faces": {
				"north": {"uv": [0, 2, 16, 16], "texture": "#2"},
				"east": {"uv": [0, 2, 5, 16], "texture": "#2"},
				"south": {"uv": [0, 2, 16, 16], "rotation": 270, "texture": "#2"},
				"west": {"uv": [9, 2, 15, 15], "texture": "#2"},
				"up": {"uv": [0, 0, 1.25, 4], "rotation": 270, "texture": "#missing"},
				"down": {"uv": [0, 0, 1.25, 4], "rotation": 90, "texture": "#missing"}
			}
		},
		{
			"name": "rim_right_front",
			"from": [10.35028, 13, 0.73876],
			"to": [11.35028, 14, 4.23876],
			"rotation": {"angle": -45, "axis": "y", "origin": [8, 12.525, 3.7625]},
			"faces": {
				"north": {"uv": [1, 2, 16, 8], "texture": "#2"},
				"east": {"uv": [1, 2, 16, 8], "texture": "#2"},
				"south": {"uv": [1, 2, 16, 8], "texture": "#2"},
				"west": {"uv": [1, 2, 16, 8], "texture": "#2"},
				"up": {"uv": [1, 2, 16, 8], "rotation": 90, "texture": "#2"},
				"down": {"uv": [1, 2, 16, 8], "rotation": 90, "texture": "#2"}
			}
		},
		{
			"name": "rim_left",
			"from": [3.5, 13, 0],
			"to": [4.5, 13.99, 4],
			"rotation": {"angle": 0, "axis": "y", "origin": [8, 12.525, 3.7625]},
			"faces": {
				"north": {"uv": [0, 2, 16, 7], "texture": "#2"},
				"east": {"uv": [0, 2, 16, 7], "texture": "#2"},
				"south": {"uv": [0, 2, 16, 7], "texture": "#2"},
				"west": {"uv": [0, 2, 16, 7], "texture": "#2"},
				"up": {"uv": [0, 2, 16, 7], "rotation": 270, "texture": "#2"},
				"down": {"uv": [0, 2, 16, 7], "texture": "#2"}
			}
		},
		{
			"name": "rim_right",
			"from": [11.5, 13, 0],
			"to": [12.5, 13.99, 4],
			"rotation": {"angle": 0, "axis": "y", "origin": [8, 12.525, 3.7625]},
			"faces": {
				"north": {"uv": [0, 2, 16, 6], "texture": "#2"},
				"east": {"uv": [0, 2, 16, 6], "texture": "#2"},
				"south": {"uv": [0, 2, 16, 6], "texture": "#2"},
				"west": {"uv": [0, 2, 16, 6], "texture": "#2"},
				"up": {"uv": [0, 2, 16, 6], "rotation": 90, "texture": "#2"},
				"down": {"uv": [0, 2, 16, 6], "texture": "#2"}
			}
		},
		{
			"name": "side_right",
			"from": [10.0608, 10.24258, 0],
			"to": [11.3108, 13.98258, 4],
			"rotation": {"angle": -45, "axis": "z", "origin": [10.6858, 12.11258, 2]},
			"faces": {
				"north": {"uv": [0, 0, 1.25, 3.74], "texture": "#missing"},
				"east": {"uv": [0, 2, 16, 16], "rotation": 270, "texture": "#2"},
				"south": {"uv": [0, 2, 5, 16], "texture": "#2"},
				"west": {"uv": [0, 2, 16, 16], "texture": "#2"},
				"up": {"uv": [0, 0, 1.25, 4], "texture": "#missing"},
				"down": {"uv": [0, 0, 1.25, 4], "texture": "#missing"}
			}
		},
		{
			"name": "side_left",
			"from": [4.51247, 9.70923, 0],
			"to": [8.26247, 10.89923, 4],
			"rotation": {"angle": -45, "axis": "z", "origin": [8, 12.525, 3.7625]},
			"faces": {
				"north": {"uv": [0, 0, 3.75, 1.19], "texture": "#missing"},
				"east": {"uv": [0, 0, 4, 1.19], "texture": "#missing"},
				"south": {"uv": [0, 2, 16, 7], "texture": "#2"},
				"west": {"uv": [0, 0, 4, 1.19], "texture": "#missing"},
				"up": {"uv": [0, 2, 16, 16], "texture": "#2"},
				"down": {"uv": [0, 2, 16, 16], "rotation": 180, "texture": "#2"}
			}
		},
		{
			"name": "flame1",
			"from": [8.53917, 13, 0.07333],
			"to": [8.53917, 16.75, 5.57333],
			"rotation": {"angle": 45, "axis": "y", "origin": [8, 12.525, 3.3625]},
			"faces": {
				"north": {"uv": [0, 0.5, 16, 16], "texture": "#missing"},
				"east": {"uv": [0, 0, 16, 14.5], "texture": "#4"},
				"south": {"uv": [0, 0.5, 16, 16], "texture": "#missing"},
				"west": {"uv": [0, 0, 16, 14], "texture": "#4"},
				"up": {"uv": [0, 0.5, 16, 16], "texture": "#missing"},
				"down": {"uv": [0, 0.5, 16, 16], "texture": "#missing"}
			}
		},
		{
			"name": "flame2",
			"from": [7.46083, 13, 0.07333],
			"to": [7.46083, 16.75, 5.57333],
			"rotation": {"angle": -45, "axis": "y", "origin": [8, 12.525, 3.3625]},
			"faces": {
				"north": {"uv": [0, 0, 0, 3.75], "texture": "#missing"},
				"east": {"uv": [0, 0, 16, 14.5], "texture": "#4"},
				"south": {"uv": [0, 0, 0, 3.75], "texture": "#missing"},
				"west": {"uv": [0, 0, 16, 14.5], "texture": "#4"},
				"up": {"uv": [0, 0, 0, 5.5], "texture": "#missing"},
				"down": {"uv": [0, 0, 0, 5.5], "texture": "#missing"}
			}
		}
	],
	"display": {
		"fixed": {
			"rotation": [0, 180, 0],
			"translation": [0, 11, -28],
			"scale": [4, 4, 4]
		}
	},
	"groups": [
		{
			"name": "amethyst_cluster_wall",
			"origin": [8, 8, 8],
			"color": 0,
			"children": [0, 1, 2, 3, 4, 5, 6, 7, 8, 9, 10, 11, 12, 13, 14, 15]
		}
	]
}