{
	"credit": "Made with Blockbench",
	"textures": {
		"0": "block/dark_terracotta",
		"1": "block/light_terracotta",
		"particle": "block/dark_terracotta"
	},
	"elements": [
		{
			"from": [0.75, 0, 6.7],
			"to": [15.25, 1, 9.3],
			"rotation": {"angle": 0, "axis": "y", "origin": [0, 0, 7]},
			"faces": {
				"north": {"uv": [0, 0, 14.5, 1], "texture": "#0"},
				"east": {"uv": [0, 0, 2.6, 1], "texture": "#missing"},
				"south": {"uv": [0, 0, 14.5, 1], "texture": "#0"},
				"west": {"uv": [0, 0, 2.6, 1], "texture": "#missing"},
				"up": {"uv": [0, 0, 14.5, 2.6], "texture": "#0"},
				"down": {"uv": [0, 0, 14.5, 2.6], "texture": "#0"}
			}
		},
		{
			"from": [5.75, 1, 7],
			"to": [10.25, 12.85, 9],
			"rotation": {"angle": 0, "axis": "y", "origin": [0, 0, 7]},
			"faces": {
				"north": {"uv": [0, 0, 4.5, 11.85], "texture": "#1"},
				"east": {"uv": [0, 0, 2, 11.85], "texture": "#missing"},
				"south": {"uv": [0, 0, 4.5, 11.85], "texture": "#1"},
				"west": {"uv": [0, 0, 2, 11.85], "texture": "#missing"},
				"up": {"uv": [0, 0, 4.5, 2], "texture": "#0"},
				"down": {"uv": [0, 0, 4.5, 2], "texture": "#missing"}
			}
		},
		{
			"from": [5.75, 12, 6.7],
			"to": [10.25, 13.85, 9.3],
			"rotation": {"angle": 0, "axis": "y", "origin": [0, 0, 7]},
			"faces": {
				"north": {"uv": [0, 0, 4.5, 1.85], "texture": "#0"},
				"east": {"uv": [0, 0, 2.6, 1.85], "texture": "#0"},
				"south": {"uv": [0, 0, 4.5, 1.85], "texture": "#0"},
				"west": {"uv": [0, 0, 2.6, 1.85], "texture": "#0"},
				"up": {"uv": [0, 0, 4.5, 2.6], "texture": "#0"},
				"down": {"uv": [0, 0, 4.5, 2.6], "texture": "#0"}
			}
		},
		{
			"from": [0, 0, 6.75],
			"to": [2, 15, 9.25],
			"rotation": {"angle": -22.5, "axis": "z", "origin": [0, 0, 7]},
			"faces": {
				"north": {"uv": [0, 0, 2, 15], "texture": "#0"},
				"east": {"uv": [0, 0, 2.5, 15], "texture": "#0"},
				"south": {"uv": [0, 0, 2, 15], "texture": "#0"},
				"west": {"uv": [0, 0, 2.5, 15], "texture": "#0"},
				"up": {"uv": [0, 0, 2, 2.5], "texture": "#0"},
				"down": {"uv": [0, 0, 2, 2.5], "texture": "#0"}
			}
		},
		{
			"from": [14, 0, 6.75],
			"to": [16, 15, 9.25],
			"rotation": {"angle": 22.5, "axis": "z", "origin": [16, 0, 7]},
			"faces": {
				"north": {"uv": [0, 0, 2, 15], "texture": "#0"},
				"east": {"uv": [0, 0, 2.5, 15], "texture": "#0"},
				"south": {"uv": [0, 0, 2, 15], "texture": "#0"},
				"west": {"uv": [0, 0, 2.5, 15], "texture": "#0"},
				"up": {"uv": [0, 0, 2, 2.5], "texture": "#0"},
				"down": {"uv": [0, 0, 2, 2.5], "texture": "#0"}
			}
		},
		{
			"from": [2.55, 1, 7],
			"to": [5.75, 5, 9],
			"rotation": {"angle": 0, "axis": "y", "origin": [0, 0, 7]},
			"faces": {
				"north": {"uv": [0, 0, 3.2, 4], "texture": "#1"},
				"east": {"uv": [0, 0, 2, 4], "texture": "#missing"},
				"south": {"uv": [0, 0, 3.2, 4], "texture": "#1"},
				"west": {"uv": [0, 0, 2, 4], "texture": "#missing"},
				"up": {"uv": [0, 0, 3.2, 2], "texture": "#missing"},
				"down": {"uv": [0, 0, 3.2, 2], "texture": "#missing"}
			}
		},
		{
			"from": [10.25, 1, 7],
			"to": [13.45, 5, 9],
			"rotation": {"angle": 0, "axis": "y", "origin": [0, 0, 7]},
			"faces": {
				"north": {"uv": [0, 0, 3.2, 4], "texture": "#1"},
				"east": {"uv": [0, 0, 2, 4], "texture": "#missing"},
				"south": {"uv": [0, 0, 3.2, 4], "texture": "#1"},
				"west": {"uv": [0, 0, 2, 4], "texture": "#missing"},
				"up": {"uv": [0, 0, 3.2, 2], "texture": "#missing"},
				"down": {"uv": [0, 0, 3.2, 2], "texture": "#missing"}
			}
		},
		{
			"from": [10.25, 5, 7],
			"to": [12.25, 9, 9],
			"rotation": {"angle": 0, "axis": "y", "origin": [0, 0, 7]},
			"faces": {
				"north": {"uv": [0, 0, 2, 4], "texture": "#1"},
				"east": {"uv": [0, 0, 2, 4], "texture": "#missing"},
				"south": {"uv": [0, 0, 2, 4], "texture": "#1"},
				"west": {"uv": [0, 0, 2, 4], "texture": "#missing"},
				"up": {"uv": [0, 0, 2, 2], "texture": "#missing"},
				"down": {"uv": [0, 0, 2, 2], "texture": "#missing"}
			}
		},
		{
			"from": [4.05, 5, 7],
			"to": [5.75, 9, 9],
			"rotation": {"angle": 0, "axis": "y", "origin": [0, 0, 7]},
			"faces": {
				"north": {"uv": [0, 0, 1.7, 4], "texture": "#1"},
				"east": {"uv": [0, 0, 2, 4], "texture": "#missing"},
				"south": {"uv": [0, 0, 1.7, 4], "texture": "#1"},
				"west": {"uv": [0, 0, 2, 4], "texture": "#missing"},
				"up": {"uv": [0, 0, 1.7, 2], "texture": "#missing"},
				"down": {"uv": [0, 0, 1.7, 2], "texture": "#missing"}
			}
		}
	]
}