{
  "variants": {
    "facing=down": {
      "model": "minecraft:block/amethyst_cluster",
      "x": 180
    },
    "facing=east": {
      "model": "minecraft:block/amethyst_cluster_wall",
      "x": 0,
      "y": 270
    },
    "facing=north": {
      "model": "minecraft:block/amethyst_cluster_wall",
      "x": 0,
      "y": 180
    },
    "facing=south": {
      "model": "minecraft:block/amethyst_cluster_wall",
      "x": 0,
      "y": 0
    },
    "facing=up": {
      "model": "minecraft:block/amethyst_cluster"
    },
    "facing=west": {
      "model": "minecraft:block/amethyst_cluster_wall",
      "x": 0,
      "y": 90
    }
  }
}
