{
  "variants": {
    "facing=east": [
      {"model": "minecraft:block/shelf/empty", "y": 270},
      {"model": "minecraft:block/shelf/top", "y": 270},
      {"model": "minecraft:block/shelf/bottom", "y": 270},
      {"model": "minecraft:block/shelf/left", "y": 270},
      {"model": "minecraft:block/shelf/right", "y": 270},
      {"model": "minecraft:block/shelf/top1", "y": 270},
      {"model": "minecraft:block/shelf/top2", "y": 270}
  ],
    "facing=north": [
      {"model": "minecraft:block/shelf/empty", "y": 180},
      {"model": "minecraft:block/shelf/top", "y": 180},
      {"model": "minecraft:block/shelf/bottom", "y": 180},
      {"model": "minecraft:block/shelf/left", "y": 180},
      {"model": "minecraft:block/shelf/right", "y": 180},
      {"model": "minecraft:block/shelf/top1", "y": 180},
      {"model": "minecraft:block/shelf/top2", "y": 180}

  ],
    "facing=south": [
      {"model": "minecraft:block/shelf/empty", "y": 0},
      {"model": "minecraft:block/shelf/top", "y": 0},
      {"model": "minecraft:block/shelf/bottom", "y": 0},
      {"model": "minecraft:block/shelf/left", "y": 0},
      {"model": "minecraft:block/shelf/right", "y": 0},
      {"model": "minecraft:block/shelf/top1", "y": 0},
      {"model": "minecraft:block/shelf/top2", "y": 0}

  ],
    "facing=west": [
      {"model": "minecraft:block/shelf/empty", "y": 90},
      {"model": "minecraft:block/shelf/top", "y": 90},
      {"model": "minecraft:block/shelf/bottom", "y": 90},
      {"model": "minecraft:block/shelf/left", "y": 90},
      {"model": "minecraft:block/shelf/right", "y": 90},
      {"model": "minecraft:block/shelf/top1", "y": 90},
      {"model": "minecraft:block/shelf/top2", "y": 90}

  ]
  }
}