{
  "variants": {
    "eye=false,facing=east": {
      "model": "minecraft:block/crystal_podest_empty",
      "y": 270
    },
    "eye=false,facing=north": {
      "model": "minecraft:block/crystal_podest_empty",
      "y": 180
    },
    "eye=false,facing=south": {
      "model": "minecraft:block/crystal_podest_empty"
    },
    "eye=false,facing=west": {
      "model": "minecraft:block/crystal_podest_empty",
      "y": 90
    },
    "eye=true,facing=east": {
      "model": "minecraft:block/crystal_collector",
      "y": 270
    },
    "eye=true,facing=north": {
      "model": "minecraft:block/crystal_collector",
      "y": 180
    },
    "eye=true,facing=south": {
      "model": "minecraft:block/crystal_collector"
    },
    "eye=true,facing=west": {
      "model": "minecraft:block/crystal_collector",
      "y": 90
    }
  }
}